<?xml version="1.0" encoding="UTF-8"?>

<mule xmlns:metadata="http://www.mulesoft.org/schema/mule/metadata" xmlns:file="http://www.mulesoft.org/schema/mule/file" xmlns:db="http://www.mulesoft.org/schema/mule/db"
	xmlns:http="http://www.mulesoft.org/schema/mule/http"
	xmlns:batch="http://www.mulesoft.org/schema/mule/batch"
	xmlns:dw="http://www.mulesoft.org/schema/mule/ee/dw"
	xmlns="http://www.mulesoft.org/schema/mule/core" xmlns:doc="http://www.mulesoft.org/schema/mule/documentation"
	xmlns:spring="http://www.springframework.org/schema/beans" 
	xmlns:xsi="http://www.w3.org/2001/XMLSchema-instance"
	xsi:schemaLocation="http://www.mulesoft.org/schema/mule/db http://www.mulesoft.org/schema/mule/db/current/mule-db.xsd
http://www.mulesoft.org/schema/mule/http http://www.mulesoft.org/schema/mule/http/current/mule-http.xsd
http://www.mulesoft.org/schema/mule/batch http://www.mulesoft.org/schema/mule/batch/current/mule-batch.xsd
http://www.mulesoft.org/schema/mule/ee/dw http://www.mulesoft.org/schema/mule/ee/dw/current/dw.xsd
http://www.springframework.org/schema/beans http://www.springframework.org/schema/beans/spring-beans-current.xsd
http://www.mulesoft.org/schema/mule/core http://www.mulesoft.org/schema/mule/core/current/mule.xsd
http://www.mulesoft.org/schema/mule/file http://www.mulesoft.org/schema/mule/file/current/mule-file.xsd">

	<db:mysql-config name="MySQL_Configuration" host="localhost" port="3306" user="root" password="root" database="account" doc:name="MySQL Configuration"/>
	<flow name="demo-batch-processingFlow">
		<http:listener config-ref="HTTP_Listener_Configuration" path="/insert" allowedMethods="POST" doc:name="HTTP"/>
		<dw:transform-message doc:name="Transform Message" metadata:id="b2955846-f197-41a4-a505-575680b778bd">
			<dw:input-payload mimeType="application/json"/>
			<dw:set-payload><![CDATA[%dw 1.0
%output application/java
---
payload map (item,index) ->{ 
	"user_id" : item.user_id,
	"user_name" : item.user_name,
	"password" : item.password
}]]></dw:set-payload>
		</dw:transform-message>
		<batch:execute name="databatch" doc:name="Batch Execute"/>
		<dw:transform-message doc:name="Transform Message">
			<dw:set-payload><![CDATA[%dw 1.0
%output application/json
---
payload]]></dw:set-payload>
		</dw:transform-message>
	</flow>
	<batch:job name="databatch">
		<batch:process-records>
			<batch:step name="Batch_Step" accept-expression="#[payload.size()]">
				<logger message="#[payload]" level="INFO" doc:name="Logger"/>
				<db:insert config-ref="MySQL_Configuration" doc:name="Database">
					<db:parameterized-query><![CDATA[INSERT INTO user VALUES(#[payload.user_id],#[payload.user_name],#[payload.password])]]></db:parameterized-query>
				</db:insert>
			</batch:step>
		</batch:process-records>
		<batch:on-complete>
			<logger message="Record Added Successfully" level="INFO" doc:name="Logger"/>
		</batch:on-complete>
	</batch:job>


</mule>
