<?xml version="1.0" encoding="UTF-8"?>

<mule xmlns:dw="http://www.mulesoft.org/schema/mule/ee/dw" xmlns:http="http://www.mulesoft.org/schema/mule/http" xmlns:apikit="http://www.mulesoft.org/schema/mule/apikit" xmlns:tracking="http://www.mulesoft.org/schema/mule/ee/tracking" xmlns="http://www.mulesoft.org/schema/mule/core" xmlns:doc="http://www.mulesoft.org/schema/mule/documentation"
	xmlns:spring="http://www.springframework.org/schema/beans" 
	xmlns:xsi="http://www.w3.org/2001/XMLSchema-instance"
	xsi:schemaLocation="http://www.springframework.org/schema/beans http://www.springframework.org/schema/beans/spring-beans-current.xsd
http://www.mulesoft.org/schema/mule/core http://www.mulesoft.org/schema/mule/core/current/mule.xsd
http://www.mulesoft.org/schema/mule/http http://www.mulesoft.org/schema/mule/http/current/mule-http.xsd
http://www.mulesoft.org/schema/mule/apikit http://www.mulesoft.org/schema/mule/apikit/current/mule-apikit.xsd
http://www.mulesoft.org/schema/mule/ee/tracking http://www.mulesoft.org/schema/mule/ee/tracking/current/mule-tracking-ee.xsd
http://www.mulesoft.org/schema/mule/ee/dw http://www.mulesoft.org/schema/mule/ee/dw/current/dw.xsd">
    <apikit:config name="RouterFoPaymentWallet" raml="payment-wallet.raml" consoleEnabled="true" consolePath="console" keepRamlBaseUri="false" doc:name="Router"/>
    <flow name="interfaceFlow" initialState="stopped">
        <http:listener config-ref="HTTP_Listener_Configuration" path="/api" allowedMethods="GET" doc:name="HTTP"/>
        <apikit:router config-ref="RouterFoPaymentWallet" doc:name="APIkit Router"/>
    </flow>
    <flow name="interfaceFlow1" initialState="stopped">
        <http:listener config-ref="HTTP_Listener_Configuration" path="/console/paymentwallet" doc:name="HTTP"/>
        <apikit:console config-ref="RouterFoPaymentWallet" doc:name="APIkit Console"/>
    </flow>
    <flow name="getAllAccounts">
        <dw:transform-message doc:name="Transform Message">
            <dw:set-payload><![CDATA[%dw 1.0
%output application/json
---
{
}]]></dw:set-payload>
        </dw:transform-message>
        <logger message="#[payload]" level="INFO" doc:name="Logger"/>
    </flow>
</mule>
