<?xml version="1.0" encoding="UTF-8"?>

<mule xmlns:validation="http://www.mulesoft.org/schema/mule/validation" xmlns:tracking="http://www.mulesoft.org/schema/mule/ee/tracking" xmlns:context="http://www.springframework.org/schema/context"
	xmlns:http="http://www.mulesoft.org/schema/mule/http"
	xmlns="http://www.mulesoft.org/schema/mule/core" xmlns:doc="http://www.mulesoft.org/schema/mule/documentation"
	xmlns:spring="http://www.springframework.org/schema/beans" 
	xmlns:xsi="http://www.w3.org/2001/XMLSchema-instance"
	xsi:schemaLocation="http://www.springframework.org/schema/context http://www.springframework.org/schema/context/spring-context-current.xsd
http://www.mulesoft.org/schema/mule/http http://www.mulesoft.org/schema/mule/http/current/mule-http.xsd
http://www.springframework.org/schema/beans http://www.springframework.org/schema/beans/spring-beans-current.xsd
http://www.mulesoft.org/schema/mule/core http://www.mulesoft.org/schema/mule/core/current/mule.xsd
http://www.mulesoft.org/schema/mule/ee/tracking http://www.mulesoft.org/schema/mule/ee/tracking/current/mule-tracking-ee.xsd
http://www.mulesoft.org/schema/mule/validation http://www.mulesoft.org/schema/mule/validation/current/mule-validation.xsd">
	
	<spring:beans>
		<spring:bean name = "invokeSpringSampleDemo" class="com.mulesoft.training.InvokeSpringSampleDemo" id="Bean"></spring:bean>
    </spring:beans>
	
    <http:listener-config name="HTTP_Listener_Configuration" host="localhost" port="8081" doc:name="HTTP Listener Configuration"/>
    <flow name="Addition">
        <http:listener config-ref="HTTP_Listener_Configuration" path="/add" allowedMethods="POST" doc:name="Post /add"/>
        <invoke object-ref="invokeSpringSampleDemo" method="doAddition" methodArguments="#[json:num1] , #[json:num2]" doc:name="Invoke method addition"/>
        <object-to-string-transformer doc:name="Transform"/>
        <logger message="Addition : - #[payload]" level="INFO" doc:name="Logger"/>
    </flow>
    <flow name="Subtraction">
        <http:listener config-ref="HTTP_Listener_Configuration" path="/sub" allowedMethods="POST" doc:name="Post /sub"/>
        <invoke object-ref="invokeSpringSampleDemo" method="doSubtraction" methodArguments="#[json:num1] , #[json:num2]" doc:name="Invoke method Subtraction"/>
        <object-to-string-transformer doc:name="Transform"/>
        <logger message="Subtraction : - #[payload]" level="INFO" doc:name="Logger"/>
    </flow>
    <flow name="Multiply">
        <http:listener config-ref="HTTP_Listener_Configuration" path="/mult" allowedMethods="POST" doc:name="Post /mult"/>
        <invoke object-ref="invokeSpringSampleDemo" method="doMultiplication" methodArguments="#[json:num1] , #[json:num2]" doc:name="Invoke method Multiplication"/>
        <object-to-string-transformer doc:name="Transform"/>
        <logger message="Multiplication : - #[payload]" level="INFO" doc:name="Logger"/>
    </flow>
    <flow name="Division">
        <http:listener config-ref="HTTP_Listener_Configuration" path="/div" allowedMethods="POST" doc:name="Post /div"/>
        <invoke object-ref="invokeSpringSampleDemo" method="doDivision" methodArguments="#[json:num1] , #[json:num2]" doc:name="Invoke method Division"/>
        <object-to-string-transformer doc:name="Transform"/>
        <logger message="Division : - #[payload]" level="INFO" doc:name="Logger"/>
    </flow>
	
	



</mule>
