<?xml version="1.0" encoding="UTF-8"?>

<mule xmlns:json="http://www.mulesoft.org/schema/mule/json" xmlns:batch="http://www.mulesoft.org/schema/mule/batch" xmlns:dw="http://www.mulesoft.org/schema/mule/ee/dw" xmlns:metadata="http://www.mulesoft.org/schema/mule/metadata" xmlns:sfdc="http://www.mulesoft.org/schema/mule/sfdc" xmlns:objectstore="http://www.mulesoft.org/schema/mule/objectstore" xmlns:db="http://www.mulesoft.org/schema/mule/db" xmlns:http="http://www.mulesoft.org/schema/mule/http" xmlns:tracking="http://www.mulesoft.org/schema/mule/ee/tracking" xmlns="http://www.mulesoft.org/schema/mule/core" xmlns:doc="http://www.mulesoft.org/schema/mule/documentation"
	xmlns:spring="http://www.springframework.org/schema/beans" 
	xmlns:xsi="http://www.w3.org/2001/XMLSchema-instance"
	xsi:schemaLocation="http://www.springframework.org/schema/beans http://www.springframework.org/schema/beans/spring-beans-current.xsd
http://www.mulesoft.org/schema/mule/core http://www.mulesoft.org/schema/mule/core/current/mule.xsd
http://www.mulesoft.org/schema/mule/http http://www.mulesoft.org/schema/mule/http/current/mule-http.xsd
http://www.mulesoft.org/schema/mule/db http://www.mulesoft.org/schema/mule/db/current/mule-db.xsd
http://www.mulesoft.org/schema/mule/ee/tracking http://www.mulesoft.org/schema/mule/ee/tracking/current/mule-tracking-ee.xsd
http://www.mulesoft.org/schema/mule/objectstore http://www.mulesoft.org/schema/mule/objectstore/current/mule-objectstore.xsd
http://www.mulesoft.org/schema/mule/sfdc http://www.mulesoft.org/schema/mule/sfdc/current/mule-sfdc.xsd
http://www.mulesoft.org/schema/mule/ee/dw http://www.mulesoft.org/schema/mule/ee/dw/current/dw.xsd
http://www.mulesoft.org/schema/mule/batch http://www.mulesoft.org/schema/mule/batch/current/mule-batch.xsd
http://www.mulesoft.org/schema/mule/json http://www.mulesoft.org/schema/mule/json/current/mule-json.xsd">
	<objectstore:config name="ObjectStore__Configuration" doc:name="ObjectStore: Configuration" objectStore-ref="_defaultUserObjectStore"
		persistent="true" entryTtl="0" expirationInterval="0" maxEntries="0" />
	<sfdc:cached-basic-config name="Salesforce__Basic_Authentication" username="swati.a.yadav@capgemini.com" password="Swasti123" securityToken="hPBOCMa0dBZcidPwUWRBtUHa" doc:name="Salesforce: Basic Authentication"/>
	<flow name="exampleFlow-polling" processingStrategy="synchronous">
		<poll doc:name="Poll">
			<fixed-frequency-scheduler frequency="10" timeUnit="SECONDS"/>
			<watermark variable="maxUserID" default-expression="0"  selector-expression="#[payload['user_id']]" object-store-ref="_defaultUserObjectStore" selector="MAX"/>
			<db:select config-ref="MySQL_Configuration" doc:name="Database">
				<db:parameterized-query><![CDATA[SELECT * FROM user WHERE user_id > #[flowVars.maxUserID]]]></db:parameterized-query>
			</db:select>
		</poll>
		<logger message="#[payload]" level="INFO" doc:name="Logger"/>
	</flow>
	<flow name="salesforce-exampleFlow" processingStrategy="synchronous">
		<poll doc:name="Poll">
			<fixed-frequency-scheduler frequency="10000"/>
			<watermark variable="maxID" default-expression="0" selector="MAX" selector-expression="#[payload['ID']]" object-store-ref="_defaultUserObjectStore"/>
			<db:select config-ref="MySQL_Configuration" doc:name="Database">
				<db:parameterized-query><![CDATA[SELECT * FROM salesforce_account WHERE ID > #[flowVars.maxID]]]></db:parameterized-query>
			</db:select>
		</poll>
		<logger message="#[payload]" level="INFO" doc:name="Logger"/>
		<batch:execute name="addbatch" doc:name="Batch Execute"/>
		<set-payload value="#[payload]" mimeType="application/json" doc:name="Set Payload"/>
	</flow>
	<batch:job name="addbatch">
		<batch:input>
			<dw:transform-message doc:name="Transform Message">
				<dw:set-payload><![CDATA[%dw 1.0
%output application/java
---
[payload map ((payload01 , indexOfPayload01) -> {
	Id: payload01.ID as :string,
	Name: payload01.AccountName,
	BillingStreet: payload01.Street,
	BillingCity: payload01.City,
	BillingState: payload01.State,
	BillingPostalCode: payload01.ZipCode,
	BillingCountry: payload01.Country
})]]]></dw:set-payload>
			</dw:transform-message>
		</batch:input>
		<batch:process-records>
			<batch:step name="Batch_Step">
				<logger message="#[payload]" level="INFO" doc:name="Logger"/>
				<sfdc:create config-ref="Salesforce__Basic_Authentication" type="Account" doc:name="Salesforce">
					<sfdc:objects ref="#[payload]"/>
				</sfdc:create>
			</batch:step>
		</batch:process-records>
	</batch:job>
</mule>
